NOVEL;;;;SCRIPT;;
Rank;Freq;Word;;Rank;Freq;Word
1;22;like;;1;102;sir
2;20;sir;;2;20;like
3;8;dim;;3;18;get
4;8;mean;;4;17;well
5;7;little;;5;16;yes
6;7;now;;6;15;hi
7;6;big;;7;14;right
8;6;just;;8;13;brother
9;6;new;;9;13;just
10;6;nothing;;10;13;thank
11;6;oh;;11;12;good
12;6;right;;12;12;missus
13;6;viddy;;13;12;much
14;5;back;;14;11;come
15;5;get;;15;11;father
16;5;make;;16;10;see
17;5;o;;17;9;now
18;5;real;;18;9;please
19;4;brother;;19;8;did
20;4;feel;;20;8;little
21;4;go;;21;7;know
22;4;horrorshow;;22;7;mean
23;4;know;;23;7;never
24;4;old;;24;7;say
25;4;please;;25;7;want
26;4;terrible;;26;7;way
27;4;thou;;27;7;wrong
28;4;understand;;28;6;back
29;4;used;;29;6;dim
30;3;bit;;30;6;feel
31;3;bog;;31;6;fine
32;3;book;;32;6;got
33;3;brothers;;33;6;great
34;3;call;;34;6;new
35;3;cured;;35;6;oh
36;3;give;;36;6;old
37;3;good;;37;6;sick
38;3;got;;38;6;think
39;3;help;;39;6;thou
40;3;horrible;;40;6;welly
41;3;let;;41;5;big
42;3;mind;;42;5;boy
43;3;much;;43;5;death
44;3;need;;44;5;em
45;3;never;;45;5;georgie
46;3;paid;;46;5;going
47;3;police;;47;5;hear
48;3;prison;;48;5;one
49;3;really;;49;5;pain
50;3;say;;50;5;police
51;3;something;;51;5;something
52;3;talk;;52;5;stop
53;3;things;;53;5;time
54;3;well;;54;5;viddy
55;3;yes;;55;4;alright
56;2;anything;;56;4;beethoven
57;2;around;;57;4;clear
58;2;bastards;;58;4;gulliver
59;2;become;;59;4;help
60;2;behind;;60;4;hope
61;2;called;;61;4;large
62;2;chelloveck;;62;4;let
63;2;clean;;63;4;life
64;2;clear;;64;4;mum
65;2;come;;65;4;music
66;2;creech;;66;4;need
67;2;days;;67;4;o
68;2;die;;68;4;pee
69;2;drink;;69;4;sorry
70;2;eh;;70;4;stinking
71;2;entitled;;71;4;suffered
72;2;films;;72;4;th
73;2;gets;;73;4;thy
74;2;going;;74;4;used
75;2;gone;;75;3;alexander
76;2;grahzny;;76;3;anything
77;2;gulliver;;77;3;around
78;2;kind;;78;3;bit
79;2;left;;79;3;brothers
80;2;look;;80;3;call
81;2;makes;;81;3;d
82;2;millicents;;82;3;day
83;2;month;;83;3;days
84;2;nasty;;84;3;de
85;2;near;;85;3;done
86;2;newspaper;;86;3;droogies
87;2;nice;;87;3;e
88;2;ninth;;88;3;er
89;2;one;;89;3;exactly
90;2;pete;;90;3;excuse
91;2;proper;;91;3;fred
92;2;red;;92;3;go
93;2;see;;93;3;ho
94;2;sick;;94;3;home
95;2;sit;;95;3;idea
96;2;slooshy;;96;3;leave
97;2;smash;;97;3;lovely
98;2;somebody;;98;3;makes
99;2;sort;;99;3;middle
100;2;sure;;100;3;morning
101;2;thing;;101;3;mrs
102;2;time;;102;3;naughty
103;2;traitors;;103;3;nothing
104;2;veshch;;104;3;rest
105;2;wall;;105;3;seen
106;2;want;;106;3;sin
107;2;way;;107;3;surprise
108;2;world;;108;3;talk
109;2;young;;109;3;tell
110;1;across;;110;3;terrible
111;1;age;;111;3;things
112;1;ah;;112;3;treatment
113;1;allow;;113;3;two
114;1;amazed;;114;3;um
115;1;anyone;;115;3;understand
116;1;appreciate;;116;3;watch
117;1;arm;;117;3;you
118;1;auto;;118;2;accident
119;1;azure;;119;2;ambulance
120;1;beaten;;120;2;away
121;1;bed;;121;2;azure
122;1;believe;;122;2;bad
123;1;betokeneth;;123;2;bastard
124;1;better;;124;2;beat
125;1;bezoomny;;125;2;best
126;1;bird;;126;2;bleeding
127;1;blasting;;127;2;concerned
128;1;bloated;;128;2;cured
129;1;blue;;129;2;damned
130;1;boastful;;130;2;deepest
131;1;bold;;131;2;doing
132;1;books;;132;2;dream
133;1;born;;133;2;eh
134;1;boss;;134;2;enjoying
135;1;boy;;135;2;everybody
136;1;brain;;136;2;extreme
137;1;bratchnies;;137;2;feeling
138;1;brought;;138;2;film
139;1;buildings;;139;2;fit
140;1;built;;140;2;friend
141;1;cally;;141;2;funny
142;1;capitalist;;142;2;gone
143;1;care;;143;2;gonna
144;1;careful;;144;2;grateful
145;1;certainly;;145;2;happen
146;1;chaplain;;146;2;happened
147;1;charles;;147;2;horrible
148;1;child;;148;2;horrorshow
149;1;children;;149;2;job
150;1;cliff;;150;2;killing
151;1;consider;;151;2;kind
152;1;cup;;152;2;lake
153;1;day;;153;2;live
154;1;dead;;154;2;ludwig
155;1;dear;;155;2;lying
156;1;deepest;;156;2;madam
157;1;deng;;157;2;make
158;1;deserve;;158;2;many
159;1;didst;;159;2;matter
160;1;died;;160;2;meet
161;1;dost;;161;2;mind
162;1;droog;;162;2;move
163;1;droogie;;163;2;newspaper
164;1;droogies;;164;2;nice
165;1;droogs;;165;2;night
166;1;eggs;;166;2;owe
167;1;enemies;;167;2;pardon
168;1;error;;168;2;person
169;1;every;;169;2;playing
170;1;everybody;;170;2;pleasure
171;1;everyone;;171;2;polly
172;1;except;;172;2;real
173;1;exercise;;173;2;refreshing
174;1;faint;;174;2;rely
175;1;fainting;;175;2;road
176;1;feathers;;176;2;room
177;1;feeling;;177;2;scrap
178;1;fire;;178;2;sister
179;1;fit;;179;2;sky
180;1;forgive;;180;2;sleep
181;1;friend;;181;2;smash
182;1;friends;;182;2;snuff
183;1;full;;183;2;somebody
184;1;gape;;184;2;summer
185;1;georgie;;185;2;suppose
186;1;georgieboy;;186;2;sure
187;1;getting;;187;2;take
188;1;ghastly;;188;2;telephone
189;1;giveth;;189;2;tortures
190;1;glorious;;190;2;try
191;1;goes;;191;2;trying
192;1;goodness;;192;2;turn
193;1;govoreet;;193;2;unmuddied
194;1;great;;194;2;use
195;1;greatly;;195;2;van
196;1;grin;;196;2;yarbles
197;1;happened;;197;1;absolutely
198;1;hast;;198;1;accidental
199;1;hearing;;199;1;act
200;1;highfaluting;;200;1;admit
201;1;honest;;201;1;afterlunch
202;1;horsy;;202;1;ago
203;1;idea;;203;1;alone
204;1;ill;;204;1;also
205;1;impossible;;205;1;always
206;1;injection;;206;1;angel
207;1;innocent;;207;1;anyone
208;1;inside;;208;1;appy
209;1;insinuations;;209;1;arrived
210;1;interest;;210;1;arse
211;1;ittying;;211;1;ashamed
212;1;jeezny;;212;1;ask
213;1;jokes;;213;1;awake
214;1;keep;;214;1;awakened
215;1;kick;;215;1;awakening
216;1;kindly;;216;1;b
217;1;kiss;;217;1;background
218;1;knows;;218;1;basil
219;1;krovvy;;219;1;bath
220;1;lake;;220;1;beak
221;1;large;;221;1;become
222;1;lay;;222;1;beg
223;1;leader;;223;1;behind
224;1;learn;;224;1;believe
225;1;lesson;;225;1;bend
226;1;liars;;226;1;bet
227;1;life;;227;1;better
228;1;long;;228;1;billyboy
229;1;lot;;229;1;billygoat
230;1;making;;230;1;blame
231;1;malchicks;;231;1;blamed
232;1;manner;;232;1;bless
233;1;many;;233;1;blue
234;1;money;;234;1;bog
235;1;morning;;235;1;bollocks
236;1;mother;;236;1;bottle
237;1;move;;237;1;brain
238;1;murder;;238;1;brand
239;1;nadsat;;239;1;breathing
240;1;nature;;240;1;brief
241;1;nest;;241;1;c
242;1;nobody;;242;1;cabbages
243;1;opinion;;243;1;called
244;1;opposite;;244;1;camp
245;1;passed;;245;1;car
246;1;past;;246;1;care
247;1;perhaps;;247;1;certainly
248;1;pick;;248;1;chai
249;1;picked;;249;1;chance
250;1;picks;;250;1;chateau
251;1;pictures;;251;1;cheap
252;1;place;;252;1;check
253;1;play;;253;1;cheers
254;1;playing;;254;1;chelloveck
255;1;plott;;255;1;children
256;1;pluck;;256;1;chip
257;1;polly;;257;1;church
258;1;poor;;258;1;cold
259;1;portend;;259;1;colour
260;1;powder;;260;1;comes
261;1;prestoopnick;;261;1;comfortable
262;1;pretty;;262;1;coming
263;1;ptitsa;;263;1;complaints
264;1;pull;;264;1;completely
265;1;punished;;265;1;comport
266;1;punishing;;266;1;concentration
267;1;putting;;267;1;consciences
268;1;quickly;;268;1;contest
269;1;quiet;;269;1;continue
270;1;rely;;270;1;correct
271;1;road;;271;1;cup
272;1;rookers;;272;1;dad
273;1;rozzes;;273;1;danger
274;1;sad;;274;1;darling
275;1;said;;275;1;dead
276;1;sake;;276;1;delight
277;1;sarcasm;;277;1;deltoid
278;1;says;;278;1;denying
279;1;scrap;;279;1;devil
280;1;screen;;280;1;didst
281;1;seems;;281;1;die
282;1;sharries;;282;1;diminished
283;1;shilarny;;283;1;distress
284;1;shut;;284;1;doctors
285;1;sign;;285;1;dodgers
286;1;since;;286;1;dook
287;1;sincerely;;287;1;door
288;1;sky;;288;1;dost
289;1;sleeping;;289;1;droog
290;1;slooshied;;290;1;droogs
291;1;smuggled;;291;1;eggiwegs
292;1;snuff;;292;1;elot
293;1;sodding;;293;1;emergency
294;1;soon;;294;1;end
295;1;south;;295;1;england
296;1;sparkling;;296;1;entitled
297;1;speak;;297;1;error
298;1;speech;;298;1;especially
299;1;staja;;299;1;estephe
300;1;stop;;300;1;eunuch
301;1;strong;;301;1;evening
302;1;sudden;;302;1;ever
303;1;suggestion;;303;1;everything
304;1;summer;;304;1;explain
305;1;supposed;;305;1;eyes
306;1;surely;;306;1;f
307;1;suspended;;307;1;face
308;1;suspicious;;308;1;factory
309;1;tail;;309;1;fair
310;1;take;;310;1;fillied
311;1;talking;;311;1;films
312;1;taught;;312;1;filthy
313;1;teens;;313;1;find
314;1;thanks;;314;1;finished
315;1;think;;315;1;first
316;1;though;;316;1;fond
317;1;throw;;317;1;forced
318;1;thy;;318;1;forgotten
319;1;tied;;319;1;form
320;1;times;;320;1;friends
321;1;told;;321;1;frighten
322;1;tone;;322;1;fucking
323;1;treatment;;323;1;future
324;1;trees;;324;1;fuzzy
325;1;trick;;325;1;gape
326;1;turns;;326;1;gave
327;1;two;;327;1;gets
328;1;unmuddied;;328;1;ghastly
329;1;use;;329;1;give
330;1;veshches;;330;1;gives
331;1;visit;;331;1;globby
332;1;visiting;;332;1;god
333;1;vonny;;333;1;goes
334;1;wait;;334;1;goodness
335;1;walk;;335;1;govereet
336;1;walking;;336;1;grin
337;1;warders;;337;1;guilty
338;1;watched;;338;1;hair
339;1;watching;;339;1;half
340;1;water;;340;1;happy
341;1;white;;341;1;harm
342;1;wife;;342;1;head
343;1;willing;;343;1;heavy
344;1;wires;;344;1;hell
345;1;wish;;345;1;helping
346;1;workshops;;346;1;hole
347;1;writing;;347;1;horsy
348;1;written;;348;1;house
349;1;yowl;;349;1;huh
350;1;zoobies;;350;1;impossible
;;;;351;1;in
;;;;352;1;infractions
;;;;353;1;initiative
;;;;354;1;innocent
;;;;355;1;inside
;;;;356;1;institutional
;;;;357;1;instruct
;;;;358;1;international
;;;;359;1;intolerable
;;;;360;1;invited
;;;;361;1;it
;;;;362;1;jelly
;;;;363;1;joe
;;;;364;1;join
;;;;365;1;jolly
;;;;366;1;keeping
;;;;367;1;kept
;;;;368;1;knickers
;;;;369;1;knifed
;;;;370;1;ladies
;;;;371;1;last
;;;;372;1;leader
;;;;373;1;learned
;;;;374;1;leaving
;;;;375;1;led
;;;;376;1;lesson
;;;;377;1;lets
;;;;378;1;letter
;;;;379;1;liable
;;;;380;1;lie
;;;;381;1;listen
;;;;382;1;ll
;;;;383;1;loggies
;;;;384;1;long
;;;;385;1;look
;;;;386;1;lose
;;;;387;1;lot
;;;;388;1;low
;;;;389;1;magazines
;;;;390;1;malenky
;;;;391;1;manner
;;;;392;1;manners
;;;;393;1;means
;;;;394;1;medoc
;;;;395;1;meter
;;;;396;1;mice
;;;;397;1;milicents
;;;;398;1;millicents
;;;;399;1;minute
;;;;400;1;miserable
;;;;401;1;miss
;;;;402;1;money
;;;;403;1;motor
;;;;404;1;mr
;;;;405;1;murder
;;;;406;1;no
;;;;407;1;nobody
;;;;408;1;nozh
;;;;409;1;number
;;;;410;1;offence
;;;;411;1;ohhh
;;;;412;1;oil
;;;;413;1;open
;;;;414;1;opposite
;;;;415;1;ordered
;;;;416;1;orders
;;;;417;1;others
;;;;418;1;otherwise
;;;;419;1;out
;;;;420;1;overhearing
;;;;421;1;ow
;;;;422;1;owww
;;;;423;1;part
;;;;424;1;particularly
;;;;425;1;pass
;;;;426;1;past
;;;;427;1;peacefully
;;;;428;1;perhaps
;;;;429;1;pete
;;;;430;1;phoned
;;;;431;1;pick
;;;;432;1;picks
;;;;433;1;picnic
;;;;434;1;pictures
;;;;435;1;pitiful
;;;;436;1;place
;;;;437;1;planned
;;;;438;1;play
;;;;439;1;players
;;;;440;1;pleased
;;;;441;1;pluck
;;;;442;1;pointless
;;;;443;1;points
;;;;444;1;poison
;;;;445;1;portable
;;;;446;1;portend
;;;;447;1;praise
;;;;448;1;pretty
;;;;449;1;prison
;;;;450;1;private
;;;;451;1;proper
;;;;452;1;proved
;;;;453;1;psychiatrist
;;;;454;1;publicwise
;;;;455;1;punished
;;;;456;1;put
;;;;457;1;putting
;;;;458;1;question
;;;;459;1;quickly
;;;;460;1;quite
;;;;461;1;rain
;;;;462;1;rather
;;;;463;1;read
;;;;464;1;realise
;;;;465;1;really
;;;;466;1;reformed
;;;;467;1;refresh
;;;;468;1;remand
;;;;469;1;remember
;;;;470;1;revenge
;;;;471;1;righty
;;;;472;1;rookers
;;;;473;1;rouges
;;;;474;1;saint
;;;;475;1;sarcasm
;;;;476;1;satisfactory
;;;;477;1;save
;;;;478;1;school
;;;;479;1;scoundrels
;;;;480;1;second
;;;;481;1;seemed
;;;;482;1;selling
;;;;483;1;sessions
;;;;484;1;sex
;;;;485;1;shower
;;;;486;1;showing
;;;;487;1;side
;;;;488;1;singing
;;;;489;1;sleeping
;;;;490;1;slight
;;;;491;1;smells
;;;;492;1;snake
;;;;493;1;society
;;;;494;1;someone
;;;;495;1;son
;;;;496;1;soomaka
;;;;497;1;soul
;;;;498;1;sparkling
;;;;499;1;speak
;;;;500;1;speech
;;;;501;1;spirits
;;;;502;1;stand
;;;;503;1;started
;;;;504;1;stick
;;;;505;1;still
;;;;506;1;strength
;;;;507;1;strong
;;;;508;1;student
;;;;509;1;suffering
;;;;510;1;suggestions
;;;;511;1;surprising
;;;;512;1;suspicious
;;;;513;1;swear
;;;;514;1;talking
;;;;515;1;taught
;;;;516;1;tells
;;;;517;1;terribly
;;;;518;1;thanks
;;;;519;1;thee
;;;;520;1;thing
;;;;521;1;thru
;;;;522;1;tolchock
;;;;523;1;tolchocked
;;;;524;1;tonight
;;;;525;1;torture
;;;;526;1;traitorous
;;;;527;1;treachery
;;;;528;1;trees
;;;;529;1;tried
;;;;530;1;trombones
;;;;531;1;troubled
;;;;532;1;TRUE
;;;;533;1;trumpets
;;;;534;1;ultra
;;;;535;1;uncle
;;;;536;1;unconscious
;;;;537;1;using
;;;;538;1;victim
;;;;539;1;violence
;;;;540;1;visit
;;;;541;1;vitamins
;;;;542;1;waits
;;;;543;1;wake
;;;;544;1;wanna
;;;;545;1;wanted
;;;;546;1;wants
;;;;547;1;warbles
;;;;548;1;warders
;;;;549;1;watching
;;;;550;1;weary
;;;;551;1;weeks
;;;;552;1;welcome
;;;;553;1;went
;;;;554;1;wherefores
;;;;555;1;whys
;;;;556;1;wife
;;;;557;1;wish
;;;;558;1;without
;;;;559;1;workshops
;;;;560;1;wrote
;;;;561;1;yarblockos
