1;22;like
2;20;sir
3;8;dim
4;8;mean
5;7;little
6;7;now
7;6;big
8;6;just
9;6;new
10;6;nothing
11;6;oh
12;6;right
13;6;viddy
14;5;back
15;5;get
16;5;make
17;5;o
18;5;real
19;4;brother
20;4;feel
21;4;go
22;4;horrorshow
23;4;know
24;4;old
25;4;please
26;4;terrible
27;4;thou
28;4;understand
29;4;used
30;3;bit
31;3;bog
32;3;book
33;3;brothers
34;3;call
35;3;cured
36;3;give
37;3;good
38;3;got
39;3;help
40;3;horrible
41;3;let
42;3;mind
43;3;much
44;3;need
45;3;never
46;3;paid
47;3;police
48;3;prison
49;3;really
50;3;say
51;3;something
52;3;talk
53;3;things
54;3;well
55;3;yes
56;2;anything
57;2;around
58;2;bastards
59;2;become
60;2;behind
61;2;called
62;2;chelloveck
63;2;clean
64;2;clear
65;2;come
66;2;creech
67;2;days
68;2;die
69;2;drink
70;2;eh
71;2;entitled
72;2;films
73;2;gets
74;2;going
75;2;gone
76;2;grahzny
77;2;gulliver
78;2;kind
79;2;left
80;2;look
81;2;makes
82;2;millicents
83;2;month
84;2;nasty
85;2;near
86;2;newspaper
87;2;nice
88;2;ninth
89;2;one
90;2;pete
91;2;proper
92;2;red
93;2;see
94;2;sick
95;2;sit
96;2;slooshy
97;2;smash
98;2;somebody
99;2;sort
100;2;sure
101;2;thing
102;2;time
103;2;traitors
104;2;veshch
105;2;wall
106;2;want
107;2;way
108;2;world
109;2;young
110;1;across
111;1;age
112;1;ah
113;1;allow
114;1;amazed
115;1;anyone
116;1;appreciate
117;1;arm
118;1;auto
119;1;azure
120;1;beaten
121;1;bed
122;1;believe
123;1;betokeneth
124;1;better
125;1;bezoomny
126;1;bird
127;1;blasting
128;1;bloated
129;1;blue
130;1;boastful
131;1;bold
132;1;books
133;1;born
134;1;boss
135;1;boy
136;1;brain
137;1;bratchnies
138;1;brought
139;1;buildings
140;1;built
141;1;cally
142;1;capitalist
143;1;care
144;1;careful
145;1;certainly
146;1;chaplain
147;1;charles
148;1;child
149;1;children
150;1;cliff
151;1;consider
152;1;cup
153;1;day
154;1;dead
155;1;dear
156;1;deepest
157;1;deng
158;1;deserve
159;1;didst
160;1;died
161;1;dost
162;1;droog
163;1;droogie
164;1;droogies
165;1;droogs
166;1;eggs
167;1;enemies
168;1;error
169;1;every
170;1;everybody
171;1;everyone
172;1;except
173;1;exercise
174;1;faint
175;1;fainting
176;1;feathers
177;1;feeling
178;1;fire
179;1;fit
180;1;forgive
181;1;friend
182;1;friends
183;1;full
184;1;gape
185;1;georgie
186;1;georgieboy
187;1;getting
188;1;ghastly
189;1;giveth
190;1;glorious
191;1;goes
192;1;goodness
193;1;govoreet
194;1;great
195;1;greatly
196;1;grin
197;1;happened
198;1;hast
199;1;hearing
200;1;highfaluting
201;1;honest
202;1;horsy
203;1;idea
204;1;ill
205;1;impossible
206;1;injection
207;1;innocent
208;1;inside
209;1;insinuations
210;1;interest
211;1;ittying
212;1;jeezny
213;1;jokes
214;1;keep
215;1;kick
216;1;kindly
217;1;kiss
218;1;knows
219;1;krovvy
220;1;lake
221;1;large
222;1;lay
223;1;leader
224;1;learn
225;1;lesson
226;1;liars
227;1;life
228;1;long
229;1;lot
230;1;making
231;1;malchicks
232;1;manner
233;1;many
234;1;money
235;1;morning
236;1;mother
237;1;move
238;1;murder
239;1;nadsat
240;1;nature
241;1;nest
242;1;nobody
243;1;opinion
244;1;opposite
245;1;passed
246;1;past
247;1;perhaps
248;1;pick
249;1;picked
250;1;picks
251;1;pictures
252;1;place
253;1;play
254;1;playing
255;1;plott
256;1;pluck
257;1;polly
258;1;poor
259;1;portend
260;1;powder
261;1;prestoopnick
262;1;pretty
263;1;ptitsa
264;1;pull
265;1;punished
266;1;punishing
267;1;putting
268;1;quickly
269;1;quiet
270;1;rely
271;1;road
272;1;rookers
273;1;rozzes
274;1;sad
275;1;said
276;1;sake
277;1;sarcasm
278;1;says
279;1;scrap
280;1;screen
281;1;seems
282;1;sharries
283;1;shilarny
284;1;shut
285;1;sign
286;1;since
287;1;sincerely
288;1;sky
289;1;sleeping
290;1;slooshied
291;1;smuggled
292;1;snuff
293;1;sodding
294;1;soon
295;1;south
296;1;sparkling
297;1;speak
298;1;speech
299;1;staja
300;1;stop
301;1;strong
302;1;sudden
303;1;suggestion
304;1;summer
305;1;supposed
306;1;surely
307;1;suspended
308;1;suspicious
309;1;tail
310;1;take
311;1;talking
312;1;taught
313;1;teens
314;1;thanks
315;1;think
316;1;though
317;1;throw
318;1;thy
319;1;tied
320;1;times
321;1;told
322;1;tone
323;1;treatment
324;1;trees
325;1;trick
326;1;turns
327;1;two
328;1;unmuddied
329;1;use
330;1;veshches
331;1;visit
332;1;visiting
333;1;vonny
334;1;wait
335;1;walk
336;1;walking
337;1;warders
338;1;watched
339;1;watching
340;1;water
341;1;white
342;1;wife
343;1;willing
344;1;wires
345;1;wish
346;1;workshops
347;1;writing
348;1;written
349;1;yowl
350;1;zoobies
