1;102;sir
2;20;like
3;18;get
4;17;well
5;16;yes
6;15;hi
7;14;right
8;13;brother
9;13;just
10;13;thank
11;12;good
12;12;missus
13;12;much
14;11;come
15;11;father
16;10;see
17;9;now
18;9;please
19;8;did
20;8;little
21;7;know
22;7;mean
23;7;never
24;7;say
25;7;want
26;7;way
27;7;wrong
28;6;back
29;6;dim
30;6;feel
31;6;fine
32;6;got
33;6;great
34;6;new
35;6;oh
36;6;old
37;6;sick
38;6;think
39;6;thou
40;6;welly
41;5;big
42;5;boy
43;5;death
44;5;em
45;5;georgie
46;5;going
47;5;hear
48;5;one
49;5;pain
50;5;police
51;5;something
52;5;stop
53;5;time
54;5;viddy
55;4;alright
56;4;beethoven
57;4;clear
58;4;gulliver
59;4;help
60;4;hope
61;4;large
62;4;let
63;4;life
64;4;mum
65;4;music
66;4;need
67;4;o
68;4;pee
69;4;sorry
70;4;stinking
71;4;suffered
72;4;th
73;4;thy
74;4;used
75;3;alexander
76;3;anything
77;3;around
78;3;bit
79;3;brothers
80;3;call
81;3;d
82;3;day
83;3;days
84;3;de
85;3;done
86;3;droogies
87;3;e
88;3;er
89;3;exactly
90;3;excuse
91;3;fred
92;3;go
93;3;ho
94;3;home
95;3;idea
96;3;leave
97;3;lovely
98;3;makes
99;3;middle
100;3;morning
101;3;mrs
102;3;naughty
103;3;nothing
104;3;rest
105;3;seen
106;3;sin
107;3;surprise
108;3;talk
109;3;tell
110;3;terrible
111;3;things
112;3;treatment
113;3;two
114;3;um
115;3;understand
116;3;watch
117;3;you
118;2;accident
119;2;ambulance
120;2;away
121;2;azure
122;2;bad
123;2;bastard
124;2;beat
125;2;best
126;2;bleeding
127;2;concerned
128;2;cured
129;2;damned
130;2;deepest
131;2;doing
132;2;dream
133;2;eh
134;2;enjoying
135;2;everybody
136;2;extreme
137;2;feeling
138;2;film
139;2;fit
140;2;friend
141;2;funny
142;2;gone
143;2;gonna
144;2;grateful
145;2;happen
146;2;happened
147;2;horrible
148;2;horrorshow
149;2;job
150;2;killing
151;2;kind
152;2;lake
153;2;live
154;2;ludwig
155;2;lying
156;2;madam
157;2;make
158;2;many
159;2;matter
160;2;meet
161;2;mind
162;2;move
163;2;newspaper
164;2;nice
165;2;night
166;2;owe
167;2;pardon
168;2;person
169;2;playing
170;2;pleasure
171;2;polly
172;2;real
173;2;refreshing
174;2;rely
175;2;road
176;2;room
177;2;scrap
178;2;sister
179;2;sky
180;2;sleep
181;2;smash
182;2;snuff
183;2;somebody
184;2;summer
185;2;suppose
186;2;sure
187;2;take
188;2;telephone
189;2;tortures
190;2;try
191;2;trying
192;2;turn
193;2;unmuddied
194;2;use
195;2;van
196;2;yarbles
197;1;absolutely
198;1;accidental
199;1;act
200;1;admit
201;1;afterlunch
202;1;ago
203;1;alone
204;1;also
205;1;always
206;1;angel
207;1;anyone
208;1;appy
209;1;arrived
210;1;arse
211;1;ashamed
212;1;ask
213;1;awake
214;1;awakened
215;1;awakening
216;1;b
217;1;background
218;1;basil
219;1;bath
220;1;beak
221;1;become
222;1;beg
223;1;behind
224;1;believe
225;1;bend
226;1;bet
227;1;better
228;1;billyboy
229;1;billygoat
230;1;blame
231;1;blamed
232;1;bless
233;1;blue
234;1;bog
235;1;bollocks
236;1;bottle
237;1;brain
238;1;brand
239;1;breathing
240;1;brief
241;1;c
242;1;cabbages
243;1;called
244;1;camp
245;1;car
246;1;care
247;1;certainly
248;1;chai
249;1;chance
250;1;chateau
251;1;cheap
252;1;check
253;1;cheers
254;1;chelloveck
255;1;children
256;1;chip
257;1;church
258;1;cold
259;1;colour
260;1;comes
261;1;comfortable
262;1;coming
263;1;complaints
264;1;completely
265;1;comport
266;1;concentration
267;1;consciences
268;1;contest
269;1;continue
270;1;correct
271;1;cup
272;1;dad
273;1;danger
274;1;darling
275;1;dead
276;1;delight
277;1;deltoid
278;1;denying
279;1;devil
280;1;didst
281;1;die
282;1;diminished
283;1;distress
284;1;doctors
285;1;dodgers
286;1;dook
287;1;door
288;1;dost
289;1;droog
290;1;droogs
291;1;eggiwegs
292;1;elot
293;1;emergency
294;1;end
295;1;england
296;1;entitled
297;1;error
298;1;especially
299;1;estephe
300;1;eunuch
301;1;evening
302;1;ever
303;1;everything
304;1;explain
305;1;eyes
306;1;f
307;1;face
308;1;factory
309;1;fair
310;1;fillied
311;1;films
312;1;filthy
313;1;find
314;1;finished
315;1;first
316;1;fond
317;1;forced
318;1;forgotten
319;1;form
320;1;friends
321;1;frighten
322;1;fucking
323;1;future
324;1;fuzzy
325;1;gape
326;1;gave
327;1;gets
328;1;ghastly
329;1;give
330;1;gives
331;1;globby
332;1;god
333;1;goes
334;1;goodness
335;1;govereet
336;1;grin
337;1;guilty
338;1;hair
339;1;half
340;1;happy
341;1;harm
342;1;head
343;1;heavy
344;1;hell
345;1;helping
346;1;hole
347;1;horsy
348;1;house
349;1;huh
350;1;impossible
351;1;in
352;1;infractions
353;1;initiative
354;1;innocent
355;1;inside
356;1;institutional
357;1;instruct
358;1;international
359;1;intolerable
360;1;invited
361;1;it
362;1;jelly
363;1;joe
364;1;join
365;1;jolly
366;1;keeping
367;1;kept
368;1;knickers
369;1;knifed
370;1;ladies
371;1;last
372;1;leader
373;1;learned
374;1;leaving
375;1;led
376;1;lesson
377;1;lets
378;1;letter
379;1;liable
380;1;lie
381;1;listen
382;1;ll
383;1;loggies
384;1;long
385;1;look
386;1;lose
387;1;lot
388;1;low
389;1;magazines
390;1;malenky
391;1;manner
392;1;manners
393;1;means
394;1;medoc
395;1;meter
396;1;mice
397;1;milicents
398;1;millicents
399;1;minute
400;1;miserable
401;1;miss
402;1;money
403;1;motor
404;1;mr
405;1;murder
406;1;no
407;1;nobody
408;1;nozh
409;1;number
410;1;offence
411;1;ohhh
412;1;oil
413;1;open
414;1;opposite
415;1;ordered
416;1;orders
417;1;others
418;1;otherwise
419;1;out
420;1;overhearing
421;1;ow
422;1;owww
423;1;part
424;1;particularly
425;1;pass
426;1;past
427;1;peacefully
428;1;perhaps
429;1;pete
430;1;phoned
431;1;pick
432;1;picks
433;1;picnic
434;1;pictures
435;1;pitiful
436;1;place
437;1;planned
438;1;play
439;1;players
440;1;pleased
441;1;pluck
442;1;pointless
443;1;points
444;1;poison
445;1;portable
446;1;portend
447;1;praise
448;1;pretty
449;1;prison
450;1;private
451;1;proper
452;1;proved
453;1;psychiatrist
454;1;publicwise
455;1;punished
456;1;put
457;1;putting
458;1;question
459;1;quickly
460;1;quite
461;1;rain
462;1;rather
463;1;read
464;1;realise
465;1;really
466;1;reformed
467;1;refresh
468;1;remand
469;1;remember
470;1;revenge
471;1;righty
472;1;rookers
473;1;rouges
474;1;saint
475;1;sarcasm
476;1;satisfactory
477;1;save
478;1;school
479;1;scoundrels
480;1;second
481;1;seemed
482;1;selling
483;1;sessions
484;1;sex
485;1;shower
486;1;showing
487;1;side
488;1;singing
489;1;sleeping
490;1;slight
491;1;smells
492;1;snake
493;1;society
494;1;someone
495;1;son
496;1;soomaka
497;1;soul
498;1;sparkling
499;1;speak
500;1;speech
501;1;spirits
502;1;stand
503;1;started
504;1;stick
505;1;still
506;1;strength
507;1;strong
508;1;student
509;1;suffering
510;1;suggestions
511;1;surprising
512;1;suspicious
513;1;swear
514;1;talking
515;1;taught
516;1;tells
517;1;terribly
518;1;thanks
519;1;thee
520;1;thing
521;1;thru
522;1;tolchock
523;1;tolchocked
524;1;tonight
525;1;torture
526;1;traitorous
527;1;treachery
528;1;trees
529;1;tried
530;1;trombones
531;1;troubled
532;1;TRUE
533;1;trumpets
534;1;ultra
535;1;uncle
536;1;unconscious
537;1;using
538;1;victim
539;1;violence
540;1;visit
541;1;vitamins
542;1;waits
543;1;wake
544;1;wanna
545;1;wanted
546;1;wants
547;1;warbles
548;1;warders
549;1;watching
550;1;weary
551;1;weeks
552;1;welcome
553;1;went
554;1;wherefores
555;1;whys
556;1;wife
557;1;wish
558;1;without
559;1;workshops
560;1;wrote
561;1;yarblockos
